year,real_growth,inflation,revenue_share_gdp
1995,0.06068543,0.03258442,0.1040268
1996,0.07475403,0.03820149,0.1042922
1997,0.06594122,0.0352233,0.1228329
1998,0.06154475,0.02032108,0.1250432
1999,0.07337464,0.01419201,0.1342751
2000,0.08703445,0.03002103,0.1356617
2001,0.07366542,0.04868834,0.1273995
2002,0.07935495,0.02849826,0.1424905
2003,0.07773898,0.04252414,0.1527077
2004,0.06243278,0.02912385,0.1426473
2005,0.08043835,0.05249454,0.1473774
2006,0.06363442,0.01906588,0.1655603
2007,0.07629908,0.04644419,0.1605926
2008,0.067,0.25,0.1629132
2009,0.001,-0.007,0.1838356
2010,0.06,0.02101744,0.181818
2011,0.08232812,0.055,0.1815839
2012,0.08256896,0.03830936,0.1951332
2013,0.07271001,0.03629542,0.1922951
2014,0.07303285,0.04386696,0.1994395
2015,0.06361761,0.01988873,0.209846
2016,0.08110425,0.02621974,0.2042476
2017,0.06291846,0.05163951,0.2085756
2018,0.08302098,0.01390689,0.2162163
2019,0.05633249,0.01582222,0.2257857
2020,-0.031,0.029,0.204671
2021,0.03,0.029,0.23
2022,0.052,0.053,0.23
2023,0.05,0.021,0.2265496
2024,0.06,0.008,0.23
2025,0.052,0.025,0.23
